run_id,replication,seed,TT_OB_Agri,TT_IB_Agri,WT_IB_NA_Ross,TT_OB_LB,TT_IB_LB,TT_OB_DR,TT_IB_DR,Uti_Cus_D,Uti_Cus_R,WT_IB_NA_Dub,WT_OB_A_GB-Dub,WT_OB_A_GB-Ross,WT_OB_NA_GB-Dub,WT_OB_NA_GB-Ross
manual_130,1,1,13.656892982031252,16.311990441170916,0.1618144238972133,24.94061918574365,25.22499368583442,35.117770898575586,29.565450883059103,0.4314430476890501,0.0966319444444457,0.6601705283687523,0.2865937886916506,0.0439448877690316,0.2869657297585525,0.0334539647630815
manual_131,1,1,13.464877644949503,16.36824966750043,0.0345024693094798,24.785711646536058,25.19904654142144,35.192726821601426,29.43435786918301,0.3021109254776065,0.0465856481481493,0.4173031869572761,0.1106558780968127,0.0073292399038869,0.1162955422174452,0.0106995735651414
manual_132,1,1,13.469573025420988,16.278652293703807,0.2212153404245096,24.81418942192721,25.172424316317446,35.220713771360565,29.34897749396234,0.3519675925925857,0.1006944444444424,0.5516943139665453,0.1579737173095384,0.0601250662112186,0.1630676157408452,0.0579269923736155
manual_133,1,1,17.446584988528123,16.416966441326043,0.4899630309783155,25.047855840594707,25.29402770750044,35.09245028635388,29.663623278773013,0.9524693765032164,0.1850694444444472,5.3080627372713725,5.711360375467704,0.1755956615173828,5.73942468534677,0.1999822087450917
manual_134,1,1,80.36466864540772,16.348014704290183,0.6180247154839489,24.884191020676557,25.33492326230765,35.3179887733728,29.646458993421767,0.9834060565519068,0.2250000000000044,113.27181079936668,111.9133638188772,0.3085859156396778,111.4783753072764,0.3371356933280948
manual_135,1,1,13.437021109176351,16.466775059077996,0.2215603945592775,24.9353352890604,25.19353633965249,35.18533574746766,29.396605011271053,0.3293980010171353,0.1030092592592617,0.500872010340579,0.1137863094804245,0.0547814801374017,0.1117628910891486,0.0576473731955776
manual_136,1,1,13.637390439599011,16.24930809646771,0.1278522766629971,24.854299485684187,25.207650027072468,35.262806237924664,29.333624649039287,0.4124302641070138,0.0921296296296314,0.649935144809826,0.2652483752783751,0.0326998834630358,0.2576734420087079,0.0341976624483056
manual_137,1,1,13.31169270150606,16.343310643962585,0.16336546130132,24.826820339727355,25.239619968764003,34.715426868727214,29.41348686733502,0.2722251322819591,0.0772916666666636,0.326538966004209,0.0506264702198881,0.0207269463876825,0.0497916490383451,0.0211487228623448
manual_138,1,1,13.939168742974472,16.366976660843562,0.1851419079674301,24.93702158108303,25.13273139044611,35.056252420540794,29.46262148287928,0.4563274004566769,0.092638888888885,0.7740440216981528,0.376625154891629,0.0454952133337718,0.377349902252385,0.0407381171470643
manual_139,1,1,14.036736994630552,16.291093309508874,0.1500048425392924,24.923032444339736,25.15689495788016,34.46906988275326,29.362120337476437,0.474380918109468,0.0779398148148154,0.9025763858423508,0.4585561332872292,0.0348299940953111,0.4766099185241829,0.0333713869545895
manual_140,1,1,14.27486509775149,16.22660485331199,0.3196223145259954,24.824858549620583,25.210117026501145,35.05780490502592,29.442969590844744,0.5768805097269417,0.141620370370374,1.175370380364892,0.7797557019364485,0.10643018263584,0.7910623226377256,0.0981356005404718
manual_141,1,1,16.364902712625845,16.35376899641934,0.5793749764000681,24.959952603759604,25.265089958796977,34.98744075098968,29.54044169656729,0.904824931875858,0.2014351851851831,3.304819245254923,3.54127552056438,0.2973552605924772,3.550337417253406,0.2631582242592721
manual_142,1,1,52.15237769783583,16.29951434037884,0.547678707283532,24.95879041312956,25.32111919806505,36.064222206330754,29.313002574370785,0.9825389229693648,0.2054166666666585,73.80659410262015,73.63528576128934,0.2462090598759478,73.18922749895258,0.2630733550339855
manual_143,1,1,15.412577056595511,16.419382563982143,0.4866306946049328,24.840483636086752,25.246720099192306,35.125454694636346,29.488916288398634,0.748256511994375,0.1795138888888854,1.8696135221146508,1.7256819939975094,0.1664760873965927,1.7010263781052894,0.1904422330341915
manual_144,1,1,13.427975332594002,16.32930689947574,0.1131594625950724,24.90973664978908,25.27500033722353,34.70552261957707,29.222903912457987,0.3506249999999923,0.0716666666666653,0.5166501556301984,0.1659179542114525,0.0290327645525202,0.1659520555962805,0.0208937383839043
manual_145,1,1,13.159911869661816,16.403793468268333,0.1204106150961207,24.942192337767292,25.277672253876386,34.954591427659864,29.496391443330843,0.2733333333333275,0.0637499999999988,0.3156436406344091,0.0719991582401073,0.0246958266618155,0.0682860339265728,0.0236522315307524
manual_146,1,1,13.722997237309396,16.37207975557405,0.2039527891567215,24.85283171283048,25.129282712428747,34.96179784109056,29.62105862450052,0.3734147513510615,0.0877777777777767,0.5996282431621335,0.1921067533357593,0.0360253213670232,0.199307762704734,0.0350795422761508
manual_147,1,1,14.29723644135932,16.367458928041415,0.2747234603911999,24.961442225037025,25.22472589232773,35.235387188855725,29.464127599176464,0.4839745796262998,0.13898148148148,0.8016264287163468,0.4128835945230247,0.0853614748955284,0.4294534156286194,0.0765888795960067
manual_148,1,1,15.102126780931606,16.313512378375076,0.5026546942201944,24.830768286469976,25.172677572621872,34.87957357923088,29.36262675308058,0.7905891353927614,0.1786805555555519,2.138364667105801,2.117564462234116,0.2031610000072851,2.1101164960506207,0.1702389200142861
manual_149,1,1,14.745721955888676,16.448192450965006,0.3709289698672783,24.954862732549977,25.155837234419145,34.556519460816695,29.394492695981544,0.5508775020476434,0.1553240740740799,1.0617618522975962,0.6685870649030873,0.1017734329055026,0.6819308686273746,0.1113704199069555
manual_150,1,1,15.260176778542796,16.40450137596965,0.6273966715463473,24.94625842149147,25.13455944027247,35.915135848573144,29.755765483984675,0.753504562589899,0.2219444444444477,1.794546152275177,1.6588080603988278,0.2867509716807073,1.6796029944443682,0.2750701090079576
manual_151,1,1,15.232117246169974,16.267967441341348,0.3483301927792275,24.81532000754242,25.089161660368376,35.70637898065352,29.654582788767872,0.7824803810849018,0.1539351851851888,2.062006465473943,2.00676741176968,0.1236980968669888,2.001952143371099,0.1084801974519418
manual_152,1,1,14.381779042216172,16.281435776569076,0.2062335944871016,24.90867023724905,25.2248036226408,34.423429712050016,29.35500785466071,0.5672299382716139,0.1010763888888906,1.188973956897062,0.8353784153669812,0.0546170700634821,0.8312297511422658,0.0561748080965649
manual_153,1,1,13.167393408405209,16.308763808324837,0.0889801682768686,24.830219660880672,25.234264723066403,35.28101993276539,29.55791105504572,0.2372264016933541,0.0503125000000007,0.3024230387034213,0.0462669626662502,0.0155247651848526,0.0395937177781517,0.0197146712953829
manual_154,1,1,13.824340776278564,16.358907374876214,0.1428446425691971,24.884948733141734,25.22659138446016,35.11497753113291,29.34473086232921,0.4511716176137714,0.0837037037037034,0.8053193421323876,0.3516563080935846,0.0347835417420279,0.367264810350173,0.0386767953005792
manual_155,1,1,15.382730793190774,16.417080339199526,0.2857670141124212,24.96689824304142,25.20000896477078,35.25309470651129,29.39778625319415,0.7241231542470962,0.1290740740740752,1.685854761197633,1.5587808413694857,0.0896851561088771,1.5571522313948511,0.0823692258602054
manual_156,1,1,13.455939636030482,16.291051356816396,0.2443691615976093,24.93611913824487,25.14927258793081,34.89661269222199,29.398180149552665,0.3597766038328073,0.1002083333333341,0.551617508802214,0.1563635881656374,0.0351704534786874,0.1574865349740744,0.0595553798057279
manual_157,1,1,13.450453191455392,16.32400188087644,0.1656323753904798,24.9574353865144,25.21165407969788,34.85200495718691,29.349196449840367,0.3621527777777833,0.0845833333333346,0.5856148500592507,0.170881641123495,0.036636207277298,0.1741898385000888,0.0304792164681466
manual_158,1,1,15.353687846268912,16.375738623560377,0.2362048295659644,24.90246677103505,25.120217625419173,35.817419582513985,29.49681542867021,0.7201767654075072,0.1192592592592552,1.8304390169445608,1.6202184787336933,0.0510206376443116,1.5982712485614274,0.0537517499433093
manual_159,1,1,13.45705340979126,16.363541091224715,0.1981344173578918,25.016050558394227,25.305008031253397,34.78260354370226,29.62526083368936,0.3213331130779255,0.0897222222222212,0.4413165730521541,0.1134518484570754,0.0387827966669141,0.1145568009582087,0.0401474158237419
