target,model,n_oof,mean_residual,std_residual,corr_y_yhat,slope_y_on_yhat,intercept_y_on_yhat,heuristic_ok_bias,heuristic_ok_slope
TT_IB_Agri,ExtraTrees,309.0,-0.1691877022653755,7.446310918557073,0.9886597728920641,1.0628137605990615,-3.4203342384337767,True,True
TT_IB_Agri,XGBoost,309.0,-0.5358239467090007,8.915302385292222,0.9813092988280475,1.0142316046991657,-1.2776483957724851,True,True
TT_IB_Agri,GradientBoosting,309.0,0.1346827824495384,9.632266339078308,0.9781711720194911,1.0170183623329487,-0.7409908840382158,True,True
TT_IB_DR,SVR_RBF,309.0,0.029393791010742555,0.23115848909800005,0.3229849507255925,3.5578087024304663,-79.27937473842292,False,False
TT_IB_DR,AdaBoost,309.0,0.032840464101975976,0.22705523451275617,0.2909194033939512,1.1091716270828917,-3.351816427792825,False,True
TT_IB_DR,ExtraTrees,309.0,-0.0014982889156667277,0.21304682615279663,0.44608917998971354,0.8561400447891842,4.4635436511947635,True,True
TT_IB_LB,Lasso,309.0,0.25898210338951244,22.29004126804358,0.8752932928592213,1.0243214317124802,-1.45556663340836,True,True
TT_IB_LB,ElasticNet,309.0,0.3751101154465476,22.927575016430346,0.8679053372171622,0.9624384221884774,3.0186661218032604,True,True
TT_IB_LB,Ridge,309.0,0.40834291613069745,23.07406984608027,0.8668482689100993,0.9455538226688883,4.238415123131829,True,True
TT_OB_Agri,ExtraTrees,309.0,-0.27981212620104134,7.5826853309868945,0.9754150915707182,1.145830118895037,-5.19927176075082,True,True
TT_OB_Agri,CatBoost,309.0,1.269266874001285,10.790173649688287,0.9593237291623773,1.303336374317453,-8.493645291321025,True,False
TT_OB_Agri,XGBoost,309.0,-1.2129769112299944,12.368066127807623,0.9159286052520402,0.9055222969002529,2.0623142966065675,True,True
TT_OB_DR,CatBoost,309.0,0.021475238224917627,0.4533970396596708,0.526280056132203,1.2472484887603847,-8.836473245946799,True,True
TT_OB_DR,RandomForest,309.0,8.325040988288816e-05,0.4724662673306816,0.456965704191487,0.8575282678024755,5.107337183685812,True,True
TT_OB_DR,XGBoost,309.0,0.004604223553802561,0.4709298389819136,0.4591161987813096,0.9007480154085761,3.562089989955895,True,True
TT_OB_LB,AdaBoost,309.0,-0.005541220931201312,0.2865193894584252,0.7929228924999231,0.9759463915681655,0.6135241046034642,True,True
TT_OB_LB,ExtraTrees,309.0,-0.009968122977343046,0.27529695382872404,0.8149232961056295,1.116326917804821,-3.0043773933748454,True,True
TT_OB_LB,LightGBM,309.0,-0.004395585353475661,0.28065309052001625,0.803738080263988,1.0675591891462097,-1.7430823122918735,True,True
Uti_Cus_D,GPR_Matern,309.0,-0.0031016988657568733,0.0873764661365715,0.7867380313671513,1.0647450471305453,-0.06153534536105956,True,True
Uti_Cus_D,GradientBoosting,309.0,-0.005019342556528005,0.09379165554652108,0.7582941403342327,1.20540577801124,-0.19079589087830431,True,True
Uti_Cus_D,XGBoost,309.0,-0.00667057285802651,0.09239325974373082,0.7745986579126238,1.2794147627554493,-0.25984494998928265,True,False
Uti_Cus_R,ElasticNet,309.0,7.835317492410477e-05,0.044949904645738725,0.9666499603661021,1.0753578079721056,-0.04221122656241487,True,True
Uti_Cus_R,Lasso,309.0,0.000675084258588305,0.0456322528151832,0.9631608835558289,1.0015398793787296,-0.00018815218225159383,True,True
Uti_Cus_R,Ridge,309.0,0.0009442492026354633,0.04713007464586883,0.9606727788757993,0.9933581224496747,0.004665811995485332,True,True
Uti_DAFM_D,GPR_Matern,309.0,0.0005880006019506785,0.026468020327609386,0.9463570426200203,1.041316812434171,-0.009728942219049155,True,True
Uti_DAFM_D,PolynomialReg_deg2,309.0,0.0036420961831022006,0.0326982258978052,0.9181836280231142,0.9315017244388657,0.020537138719462326,True,True
Uti_DAFM_D,LightGBM,309.0,-0.001530881960349247,0.03452721836343314,0.9164886809406352,1.1825783708218607,-0.04750815876631408,True,True
Uti_DAFM_R,GPR_Matern,309.0,9.96670219617309e-05,0.010011289549601716,0.9758656153734309,1.0016330205712745,-0.00015098949583394552,True,True
Uti_DAFM_R,ElasticNet,309.0,-8.602913160260993e-06,0.010145543374237773,0.9759730376824496,1.0413205031915707,-0.006355466744139158,True,True
Uti_DAFM_R,Lasso,309.0,3.0889855687289056e-07,0.010165104997038453,0.9763193408865629,1.0524213743309412,-0.008051190849483273,True,True
WT_IB_A_Dub,GPR_Matern,309.0,0.001024929952816001,0.10487653767649249,0.9360119054949684,1.0267335457719884,-0.01134113421608132,True,True
WT_IB_A_Dub,CatBoost,309.0,-0.006000746423471246,0.11630241537208963,0.9391535687454028,1.2491331512344923,-0.12299192518725333,True,True
WT_IB_A_Dub,LightGBM,309.0,-0.00760465780112898,0.12765064822152414,0.9105355419881234,1.1461493295611103,-0.07646976748441266,True,True
WT_IB_A_Ross,GPR_Matern,309.0,0.0012793314497804296,0.035487562252412425,0.9401304996729318,1.0125949740990907,-0.000488639598946691,True,True
WT_IB_A_Ross,ElasticNet,309.0,0.00026549672931254123,0.0425648256394884,0.9163146671682451,1.0999511354370959,-0.013866093425771277,True,True
WT_IB_A_Ross,Lasso,309.0,0.00035159510048669314,0.044133819539008703,0.9056629822362138,0.9898090429220767,0.0017915660270631727,True,True
WT_IB_LB,Lasso,309.0,0.4232670809193903,30.04749245622004,0.8672491691165072,0.998822501893724,0.49140756439243055,True,True
WT_IB_LB,MLP,309.0,-4.969887179973932,29.535873273384702,0.8732094770323151,1.054054370176361,-8.389475994851388,False,True
WT_IB_LB,GPR_Matern,309.0,0.384031516339222,30.269255835736676,0.8653483462973752,0.9779663822843188,1.659956551460567,True,True
WT_IB_NA_Dub,Lasso,309.0,0.3402733051671306,28.299598244171136,0.8819088167608226,1.0104481774114578,-0.29352549686335744,True,True
WT_IB_NA_Dub,ElasticNet,309.0,0.3750835669436318,28.973044443919225,0.8763334351228423,0.9653857728746179,2.4736186028834273,True,True
WT_IB_NA_Dub,Ridge,309.0,0.3940445632503828,29.133195831073767,0.8755092182911591,0.9499624218563559,3.4266926646463385,True,True
WT_IB_NA_Ross,SVR_RBF,309.0,0.7875165948354471,7.752624003099079,0.46612425211922703,3.8735209625494686,-6.596477899801554,False,False
WT_IB_NA_Ross,SVR_Poly,309.0,1.0433147059393792,7.918853718994914,0.364711466509451,3.9681333330546793,-5.824559257301418,False,False
WT_IB_NA_Ross,KNN,309.0,0.22370779493389803,7.990135512942934,0.20429229579423286,0.9406824673979086,0.40957789952890644,True,True
WT_OB_A_GB-Dub,ElasticNet,309.0,0.0018131415195918317,0.21304164518284846,0.9391108937391699,1.1205669898632056,-0.12631942277102587,True,True
WT_OB_A_GB-Dub,Lasso,309.0,0.0023934818527864615,0.2106999555272993,0.9353625428541555,1.021256200715381,-0.020184208888790287,True,True
WT_OB_A_GB-Dub,GPR_Matern,309.0,0.00017935331812726334,0.21422012312430705,0.932897623927416,0.9986500850350292,0.0016161808754203589,True,True
WT_OB_A_GB-Ross,GradientBoosting,309.0,-0.0007187063404517612,0.025164247943372846,0.9145343042371403,1.1085501148745989,-0.008203423038391963,True,True
WT_OB_A_GB-Ross,GPR_Matern,309.0,0.0007427389344109248,0.024899374601062924,0.9121850085802432,1.0128355465165617,-0.00012353557552829543,True,True
WT_OB_A_GB-Ross,CatBoost,309.0,0.0008271066358512428,0.025895138104958637,0.9248583906042679,1.2631585249492474,-0.016911331389681518,True,False
WT_OB_LB,GPR_Matern,309.0,8.42770726975595e-05,0.21119583833679328,0.9557478154924667,0.9924165315776071,0.014783050295427189,True,True
WT_OB_LB,Lasso,309.0,0.0031041137729340067,0.21419508366365975,0.954552413717294,1.016735563922662,-0.029283309338028796,True,True
WT_OB_LB,ElasticNet,309.0,0.0033330350692355798,0.21570524858428625,0.9538158830486819,1.0106900513727357,-0.017352390503644812,True,True
WT_OB_NA_GB-Dub,ElasticNet,309.0,0.0014067066792401558,0.37737280557814973,0.9039691153303266,1.1155305801757747,-0.16171025681000298,True,True
WT_OB_NA_GB-Dub,Lasso,309.0,0.0031261624927646867,0.3777293350747241,0.8989698311903324,0.9882862196871667,0.01964464040083131,True,True
WT_OB_NA_GB-Dub,GPR_Matern,309.0,0.00448140720737572,0.39640941584541295,0.8881773594869959,0.9814378160533569,0.030632175095780378,True,True
WT_OB_NA_GB-Ross,Lasso,309.0,0.0031297808479253983,0.22642410213440917,0.9569628486634618,1.0185173384090698,-0.0331332142204269,True,True
WT_OB_NA_GB-Ross,ElasticNet,309.0,0.0033216466097878592,0.2267780570324091,0.9567469972452796,1.0131451669874851,-0.022418360533392526,True,True
WT_OB_NA_GB-Ross,Ridge,309.0,0.004904918973559641,0.2325811564343573,0.9544196984268455,0.9895717057328196,0.025308412635131557,True,True
