target,model,plotted,path
TT_IB_Agri,ExtraTrees,True,/Users/iniyanilaalagunirmal/Desktop/Final Brexit ML Design/experimenting_ml/outputs/step3/hp_sensitivity/hp_sens__TT_IB_Agri__ExtraTrees.png
TT_IB_Agri,XGBoost,True,/Users/iniyanilaalagunirmal/Desktop/Final Brexit ML Design/experimenting_ml/outputs/step3/hp_sensitivity/hp_sens__TT_IB_Agri__XGBoost.png
TT_IB_Agri,GradientBoosting,True,/Users/iniyanilaalagunirmal/Desktop/Final Brexit ML Design/experimenting_ml/outputs/step3/hp_sensitivity/hp_sens__TT_IB_Agri__GradientBoosting.png
TT_IB_DR,SVR_RBF,True,/Users/iniyanilaalagunirmal/Desktop/Final Brexit ML Design/experimenting_ml/outputs/step3/hp_sensitivity/hp_sens__TT_IB_DR__SVR_RBF.png
TT_IB_DR,AdaBoost,True,/Users/iniyanilaalagunirmal/Desktop/Final Brexit ML Design/experimenting_ml/outputs/step3/hp_sensitivity/hp_sens__TT_IB_DR__AdaBoost.png
TT_IB_DR,ExtraTrees,True,/Users/iniyanilaalagunirmal/Desktop/Final Brexit ML Design/experimenting_ml/outputs/step3/hp_sensitivity/hp_sens__TT_IB_DR__ExtraTrees.png
TT_IB_LB,Lasso,True,/Users/iniyanilaalagunirmal/Desktop/Final Brexit ML Design/experimenting_ml/outputs/step3/hp_sensitivity/hp_sens__TT_IB_LB__Lasso.png
TT_IB_LB,ElasticNet,True,/Users/iniyanilaalagunirmal/Desktop/Final Brexit ML Design/experimenting_ml/outputs/step3/hp_sensitivity/hp_sens__TT_IB_LB__ElasticNet.png
TT_IB_LB,Ridge,True,/Users/iniyanilaalagunirmal/Desktop/Final Brexit ML Design/experimenting_ml/outputs/step3/hp_sensitivity/hp_sens__TT_IB_LB__Ridge.png
TT_OB_Agri,ExtraTrees,True,/Users/iniyanilaalagunirmal/Desktop/Final Brexit ML Design/experimenting_ml/outputs/step3/hp_sensitivity/hp_sens__TT_OB_Agri__ExtraTrees.png
TT_OB_Agri,CatBoost,True,/Users/iniyanilaalagunirmal/Desktop/Final Brexit ML Design/experimenting_ml/outputs/step3/hp_sensitivity/hp_sens__TT_OB_Agri__CatBoost.png
TT_OB_Agri,XGBoost,True,/Users/iniyanilaalagunirmal/Desktop/Final Brexit ML Design/experimenting_ml/outputs/step3/hp_sensitivity/hp_sens__TT_OB_Agri__XGBoost.png
TT_OB_DR,CatBoost,True,/Users/iniyanilaalagunirmal/Desktop/Final Brexit ML Design/experimenting_ml/outputs/step3/hp_sensitivity/hp_sens__TT_OB_DR__CatBoost.png
TT_OB_DR,RandomForest,True,/Users/iniyanilaalagunirmal/Desktop/Final Brexit ML Design/experimenting_ml/outputs/step3/hp_sensitivity/hp_sens__TT_OB_DR__RandomForest.png
TT_OB_DR,XGBoost,True,/Users/iniyanilaalagunirmal/Desktop/Final Brexit ML Design/experimenting_ml/outputs/step3/hp_sensitivity/hp_sens__TT_OB_DR__XGBoost.png
TT_OB_LB,AdaBoost,True,/Users/iniyanilaalagunirmal/Desktop/Final Brexit ML Design/experimenting_ml/outputs/step3/hp_sensitivity/hp_sens__TT_OB_LB__AdaBoost.png
TT_OB_LB,ExtraTrees,True,/Users/iniyanilaalagunirmal/Desktop/Final Brexit ML Design/experimenting_ml/outputs/step3/hp_sensitivity/hp_sens__TT_OB_LB__ExtraTrees.png
TT_OB_LB,LightGBM,True,/Users/iniyanilaalagunirmal/Desktop/Final Brexit ML Design/experimenting_ml/outputs/step3/hp_sensitivity/hp_sens__TT_OB_LB__LightGBM.png
Uti_Cus_D,GPR_Matern,True,/Users/iniyanilaalagunirmal/Desktop/Final Brexit ML Design/experimenting_ml/outputs/step3/hp_sensitivity/hp_sens__Uti_Cus_D__GPR_Matern.png
Uti_Cus_D,GradientBoosting,True,/Users/iniyanilaalagunirmal/Desktop/Final Brexit ML Design/experimenting_ml/outputs/step3/hp_sensitivity/hp_sens__Uti_Cus_D__GradientBoosting.png
Uti_Cus_D,XGBoost,True,/Users/iniyanilaalagunirmal/Desktop/Final Brexit ML Design/experimenting_ml/outputs/step3/hp_sensitivity/hp_sens__Uti_Cus_D__XGBoost.png
Uti_Cus_R,ElasticNet,True,/Users/iniyanilaalagunirmal/Desktop/Final Brexit ML Design/experimenting_ml/outputs/step3/hp_sensitivity/hp_sens__Uti_Cus_R__ElasticNet.png
Uti_Cus_R,Lasso,True,/Users/iniyanilaalagunirmal/Desktop/Final Brexit ML Design/experimenting_ml/outputs/step3/hp_sensitivity/hp_sens__Uti_Cus_R__Lasso.png
Uti_Cus_R,Ridge,True,/Users/iniyanilaalagunirmal/Desktop/Final Brexit ML Design/experimenting_ml/outputs/step3/hp_sensitivity/hp_sens__Uti_Cus_R__Ridge.png
Uti_DAFM_D,GPR_Matern,True,/Users/iniyanilaalagunirmal/Desktop/Final Brexit ML Design/experimenting_ml/outputs/step3/hp_sensitivity/hp_sens__Uti_DAFM_D__GPR_Matern.png
Uti_DAFM_D,PolynomialReg_deg2,True,/Users/iniyanilaalagunirmal/Desktop/Final Brexit ML Design/experimenting_ml/outputs/step3/hp_sensitivity/hp_sens__Uti_DAFM_D__PolynomialReg_deg2.png
Uti_DAFM_D,LightGBM,True,/Users/iniyanilaalagunirmal/Desktop/Final Brexit ML Design/experimenting_ml/outputs/step3/hp_sensitivity/hp_sens__Uti_DAFM_D__LightGBM.png
Uti_DAFM_R,GPR_Matern,True,/Users/iniyanilaalagunirmal/Desktop/Final Brexit ML Design/experimenting_ml/outputs/step3/hp_sensitivity/hp_sens__Uti_DAFM_R__GPR_Matern.png
Uti_DAFM_R,ElasticNet,True,/Users/iniyanilaalagunirmal/Desktop/Final Brexit ML Design/experimenting_ml/outputs/step3/hp_sensitivity/hp_sens__Uti_DAFM_R__ElasticNet.png
Uti_DAFM_R,Lasso,True,/Users/iniyanilaalagunirmal/Desktop/Final Brexit ML Design/experimenting_ml/outputs/step3/hp_sensitivity/hp_sens__Uti_DAFM_R__Lasso.png
WT_IB_A_Dub,GPR_Matern,True,/Users/iniyanilaalagunirmal/Desktop/Final Brexit ML Design/experimenting_ml/outputs/step3/hp_sensitivity/hp_sens__WT_IB_A_Dub__GPR_Matern.png
WT_IB_A_Dub,CatBoost,True,/Users/iniyanilaalagunirmal/Desktop/Final Brexit ML Design/experimenting_ml/outputs/step3/hp_sensitivity/hp_sens__WT_IB_A_Dub__CatBoost.png
WT_IB_A_Dub,LightGBM,True,/Users/iniyanilaalagunirmal/Desktop/Final Brexit ML Design/experimenting_ml/outputs/step3/hp_sensitivity/hp_sens__WT_IB_A_Dub__LightGBM.png
WT_IB_A_Ross,GPR_Matern,True,/Users/iniyanilaalagunirmal/Desktop/Final Brexit ML Design/experimenting_ml/outputs/step3/hp_sensitivity/hp_sens__WT_IB_A_Ross__GPR_Matern.png
WT_IB_A_Ross,ElasticNet,True,/Users/iniyanilaalagunirmal/Desktop/Final Brexit ML Design/experimenting_ml/outputs/step3/hp_sensitivity/hp_sens__WT_IB_A_Ross__ElasticNet.png
WT_IB_A_Ross,Lasso,True,/Users/iniyanilaalagunirmal/Desktop/Final Brexit ML Design/experimenting_ml/outputs/step3/hp_sensitivity/hp_sens__WT_IB_A_Ross__Lasso.png
WT_IB_LB,Lasso,True,/Users/iniyanilaalagunirmal/Desktop/Final Brexit ML Design/experimenting_ml/outputs/step3/hp_sensitivity/hp_sens__WT_IB_LB__Lasso.png
WT_IB_LB,MLP,True,/Users/iniyanilaalagunirmal/Desktop/Final Brexit ML Design/experimenting_ml/outputs/step3/hp_sensitivity/hp_sens__WT_IB_LB__MLP.png
WT_IB_LB,GPR_Matern,True,/Users/iniyanilaalagunirmal/Desktop/Final Brexit ML Design/experimenting_ml/outputs/step3/hp_sensitivity/hp_sens__WT_IB_LB__GPR_Matern.png
WT_IB_NA_Dub,Lasso,True,/Users/iniyanilaalagunirmal/Desktop/Final Brexit ML Design/experimenting_ml/outputs/step3/hp_sensitivity/hp_sens__WT_IB_NA_Dub__Lasso.png
WT_IB_NA_Dub,ElasticNet,True,/Users/iniyanilaalagunirmal/Desktop/Final Brexit ML Design/experimenting_ml/outputs/step3/hp_sensitivity/hp_sens__WT_IB_NA_Dub__ElasticNet.png
WT_IB_NA_Dub,Ridge,True,/Users/iniyanilaalagunirmal/Desktop/Final Brexit ML Design/experimenting_ml/outputs/step3/hp_sensitivity/hp_sens__WT_IB_NA_Dub__Ridge.png
WT_IB_NA_Ross,SVR_RBF,True,/Users/iniyanilaalagunirmal/Desktop/Final Brexit ML Design/experimenting_ml/outputs/step3/hp_sensitivity/hp_sens__WT_IB_NA_Ross__SVR_RBF.png
WT_IB_NA_Ross,SVR_Poly,True,/Users/iniyanilaalagunirmal/Desktop/Final Brexit ML Design/experimenting_ml/outputs/step3/hp_sensitivity/hp_sens__WT_IB_NA_Ross__SVR_Poly.png
WT_IB_NA_Ross,KNN,True,/Users/iniyanilaalagunirmal/Desktop/Final Brexit ML Design/experimenting_ml/outputs/step3/hp_sensitivity/hp_sens__WT_IB_NA_Ross__KNN.png
WT_OB_A_GB-Dub,ElasticNet,True,/Users/iniyanilaalagunirmal/Desktop/Final Brexit ML Design/experimenting_ml/outputs/step3/hp_sensitivity/hp_sens__WT_OB_A_GB-Dub__ElasticNet.png
WT_OB_A_GB-Dub,Lasso,True,/Users/iniyanilaalagunirmal/Desktop/Final Brexit ML Design/experimenting_ml/outputs/step3/hp_sensitivity/hp_sens__WT_OB_A_GB-Dub__Lasso.png
WT_OB_A_GB-Dub,GPR_Matern,True,/Users/iniyanilaalagunirmal/Desktop/Final Brexit ML Design/experimenting_ml/outputs/step3/hp_sensitivity/hp_sens__WT_OB_A_GB-Dub__GPR_Matern.png
WT_OB_A_GB-Ross,GradientBoosting,True,/Users/iniyanilaalagunirmal/Desktop/Final Brexit ML Design/experimenting_ml/outputs/step3/hp_sensitivity/hp_sens__WT_OB_A_GB-Ross__GradientBoosting.png
WT_OB_A_GB-Ross,GPR_Matern,True,/Users/iniyanilaalagunirmal/Desktop/Final Brexit ML Design/experimenting_ml/outputs/step3/hp_sensitivity/hp_sens__WT_OB_A_GB-Ross__GPR_Matern.png
WT_OB_A_GB-Ross,CatBoost,True,/Users/iniyanilaalagunirmal/Desktop/Final Brexit ML Design/experimenting_ml/outputs/step3/hp_sensitivity/hp_sens__WT_OB_A_GB-Ross__CatBoost.png
WT_OB_LB,GPR_Matern,True,/Users/iniyanilaalagunirmal/Desktop/Final Brexit ML Design/experimenting_ml/outputs/step3/hp_sensitivity/hp_sens__WT_OB_LB__GPR_Matern.png
WT_OB_LB,Lasso,True,/Users/iniyanilaalagunirmal/Desktop/Final Brexit ML Design/experimenting_ml/outputs/step3/hp_sensitivity/hp_sens__WT_OB_LB__Lasso.png
WT_OB_LB,ElasticNet,True,/Users/iniyanilaalagunirmal/Desktop/Final Brexit ML Design/experimenting_ml/outputs/step3/hp_sensitivity/hp_sens__WT_OB_LB__ElasticNet.png
WT_OB_NA_GB-Dub,ElasticNet,True,/Users/iniyanilaalagunirmal/Desktop/Final Brexit ML Design/experimenting_ml/outputs/step3/hp_sensitivity/hp_sens__WT_OB_NA_GB-Dub__ElasticNet.png
WT_OB_NA_GB-Dub,Lasso,True,/Users/iniyanilaalagunirmal/Desktop/Final Brexit ML Design/experimenting_ml/outputs/step3/hp_sensitivity/hp_sens__WT_OB_NA_GB-Dub__Lasso.png
WT_OB_NA_GB-Dub,GPR_Matern,True,/Users/iniyanilaalagunirmal/Desktop/Final Brexit ML Design/experimenting_ml/outputs/step3/hp_sensitivity/hp_sens__WT_OB_NA_GB-Dub__GPR_Matern.png
WT_OB_NA_GB-Ross,Lasso,True,/Users/iniyanilaalagunirmal/Desktop/Final Brexit ML Design/experimenting_ml/outputs/step3/hp_sensitivity/hp_sens__WT_OB_NA_GB-Ross__Lasso.png
WT_OB_NA_GB-Ross,ElasticNet,True,/Users/iniyanilaalagunirmal/Desktop/Final Brexit ML Design/experimenting_ml/outputs/step3/hp_sensitivity/hp_sens__WT_OB_NA_GB-Ross__ElasticNet.png
WT_OB_NA_GB-Ross,Ridge,True,/Users/iniyanilaalagunirmal/Desktop/Final Brexit ML Design/experimenting_ml/outputs/step3/hp_sensitivity/hp_sens__WT_OB_NA_GB-Ross__Ridge.png
