target,model,coverage_level,relative_rmse_to_best,quantile,empirical_coverage,interval_width
TT_OB_Agri,AdaBoost,0.99,1.5439703982044668,26.71388888888889,0.9615384615384616,53.42777777777778
TT_OB_Agri,Baseline_Mean,0.99,5.3895435681299,101.54563106796115,0.9615384615384616,203.0912621359223
TT_OB_Agri,Baseline_OLS,0.99,4.834621504699285,78.18792353140798,0.9615384615384616,156.37584706281595
TT_OB_Agri,BayesianRidge,0.99,4.62049228361724,82.43874649092015,0.9615384615384616,164.8774929818403
TT_OB_Agri,CatBoost,0.95,1.194118281846582,16.528105198018427,0.9230769230769231,33.05621039603685
TT_OB_Agri,ElasticNet,0.99,4.5864226191159245,82.45878494358197,0.9615384615384616,164.91756988716395
TT_OB_Agri,ExtraTrees,0.9,1.0,8.993205509548932,0.8846153846153846,17.986411019097865
TT_OB_Agri,GPR_Matern,0.99,4.3456872811248815,79.8435971723435,0.9615384615384616,159.687194344687
TT_OB_Agri,GPR_RBF,0.99,5.389543060887001,101.54564777417201,0.9615384615384616,203.09129554834402
TT_OB_Agri,GradientBoosting,0.99,2.2846129687072296,46.366399162383615,0.9615384615384616,92.73279832476723
TT_OB_Agri,KNN,0.99,4.486931848469777,86.84056939024222,0.9615384615384616,173.68113878048445
TT_OB_Agri,Lasso,0.99,4.409520471210518,76.85619502976559,0.9615384615384616,153.71239005953117
TT_OB_Agri,LightGBM,0.99,3.7196406100248156,62.980524081486394,0.9615384615384616,125.96104816297279
TT_OB_Agri,MLP,0.99,4.849059219432593,81.3123450433154,0.9615384615384616,162.6246900866308
TT_OB_Agri,PolynomialReg_deg2,0.99,6.139474894825371,78.48362510150491,0.9615384615384616,156.96725020300983
TT_OB_Agri,PolynomialReg_deg3,0.99,4.756017248530921,79.91248125867845,0.9615384615384616,159.8249625173569
TT_OB_Agri,RandomForest,0.99,1.3794536678849123,26.62346160714286,0.9615384615384616,53.24692321428572
TT_OB_Agri,Ridge,0.99,4.620981169899496,83.31219686091464,0.9615384615384616,166.62439372182928
TT_OB_Agri,SVR_Poly,0.99,5.6985075528555535,110.07275641781874,0.9615384615384616,220.14551283563748
TT_OB_Agri,SVR_RBF,0.99,4.422276663010911,85.71157124599335,0.9615384615384616,171.4231424919867
TT_OB_Agri,XGBoost,0.99,1.7446652170725627,28.651599884033203,0.9615384615384616,57.303199768066406
WT_OB_A_GB-Dub,AdaBoost,0.99,1.5938924096358686,0.5617857142857142,0.9615384615384616,1.1235714285714284
WT_OB_A_GB-Dub,Baseline_Mean,0.99,2.766939491835455,0.9479368932038835,0.9615384615384616,1.895873786407767
WT_OB_A_GB-Dub,Baseline_OLS,0.95,1.164450320415628,0.3060796243181928,0.9230769230769231,0.6121592486363856
WT_OB_A_GB-Dub,BayesianRidge,0.95,1.1462839189955836,0.25973533291942486,0.9230769230769231,0.5194706658388497
WT_OB_A_GB-Dub,CatBoost,0.9,1.0,0.3030215089985528,0.8846153846153846,0.6060430179971056
WT_OB_A_GB-Dub,ElasticNet,0.95,1.1624342329234008,0.33413070446472914,0.9230769230769231,0.6682614089294583
WT_OB_A_GB-Dub,ExtraTrees,0.99,1.3598763943801702,0.4780250000000005,0.9615384615384616,0.956050000000001
WT_OB_A_GB-Dub,GPR_Matern,0.95,1.1800222323740441,0.2845753835184902,0.9230769230769231,0.5691507670369804
WT_OB_A_GB-Dub,GPR_RBF,0.95,1.140942365836269,0.2882163890380153,0.9230769230769231,0.5764327780760305
WT_OB_A_GB-Dub,GradientBoosting,0.95,1.128172089864077,0.4629528216890909,0.9230769230769231,0.9259056433781818
WT_OB_A_GB-Dub,KNN,0.99,2.108174808172681,0.7485105291265755,0.9615384615384616,1.497021058253151
WT_OB_A_GB-Dub,Lasso,0.95,1.1667233675078994,0.2882500112959286,0.9230769230769231,0.5765000225918572
WT_OB_A_GB-Dub,LightGBM,0.99,1.4034569570621644,0.5212526254352632,0.9615384615384616,1.0425052508705264
WT_OB_A_GB-Dub,MLP,0.99,1.4812532191326075,0.7195294528091808,0.9615384615384616,1.4390589056183616
WT_OB_A_GB-Dub,PolynomialReg_deg2,0.99,1.5009189083586123,0.614727639323914,0.9615384615384616,1.229455278647828
WT_OB_A_GB-Dub,PolynomialReg_deg3,0.99,2.0519814944842842,1.0624991187919095,0.9615384615384616,2.124998237583819
WT_OB_A_GB-Dub,RandomForest,0.99,1.469965842074514,0.5075249999999993,0.9615384615384616,1.0150499999999987
WT_OB_A_GB-Dub,Ridge,0.95,1.1151024078346732,0.25479929428008585,0.9230769230769231,0.5095985885601717
WT_OB_A_GB-Dub,SVR_Poly,0.99,1.7760629450643521,0.7906380480966944,0.9615384615384616,1.5812760961933887
WT_OB_A_GB-Dub,SVR_RBF,0.99,1.3964550643948899,0.681311194697723,0.9615384615384616,1.362622389395446
WT_OB_A_GB-Dub,XGBoost,0.99,1.3807730850874598,0.6017819827795028,0.9615384615384616,1.2035639655590056
WT_OB_A_GB-Ross,AdaBoost,0.99,2.0470106896294236,0.1002050997782705,0.9615384615384616,0.200410199556541
WT_OB_A_GB-Ross,Baseline_Mean,0.99,3.449877551882292,0.15426699029126212,0.9615384615384616,0.30853398058252424
WT_OB_A_GB-Ross,Baseline_OLS,0.99,1.467865583644701,0.06002029165545755,0.9615384615384616,0.1200405833109151
WT_OB_A_GB-Ross,BayesianRidge,0.99,1.4011337232861638,0.06262052259610067,0.9615384615384616,0.12524104519220133
WT_OB_A_GB-Ross,CatBoost,0.99,1.317570306425633,0.051147917140198285,0.9615384615384616,0.10229583428039657
WT_OB_A_GB-Ross,ElasticNet,0.99,1.4934081922480933,0.07166685880128405,0.9615384615384616,0.1433337176025681
WT_OB_A_GB-Ross,ExtraTrees,0.99,1.5369737980403355,0.06035,0.9615384615384616,0.1207
WT_OB_A_GB-Ross,GPR_Matern,0.9,1.0,0.030217273506588732,0.8846153846153846,0.060434547013177464
WT_OB_A_GB-Ross,GPR_RBF,0.99,3.4498747664876133,0.15426695762449277,0.9615384615384616,0.30853391524898555
WT_OB_A_GB-Ross,GradientBoosting,0.99,1.4861850526678078,0.06250832251287217,0.9615384615384616,0.12501664502574433
WT_OB_A_GB-Ross,KNN,0.99,2.5900756599684396,0.1162703385061582,0.9615384615384616,0.2325406770123164
WT_OB_A_GB-Ross,Lasso,0.99,1.3886263689804264,0.060049874532626786,0.9615384615384616,0.12009974906525357
WT_OB_A_GB-Ross,LightGBM,0.99,1.5956693804929203,0.06762136009680521,0.9615384615384616,0.13524272019361042
WT_OB_A_GB-Ross,MLP,0.99,7.664108156713394,0.36354477341673846,0.9615384615384616,0.7270895468334769
WT_OB_A_GB-Ross,PolynomialReg_deg2,0.95,1.1656040107966867,0.03923061525023604,0.9230769230769231,0.07846123050047207
WT_OB_A_GB-Ross,PolynomialReg_deg3,0.99,1.9232620605449269,0.08708975666795754,0.9615384615384616,0.17417951333591508
WT_OB_A_GB-Ross,RandomForest,0.99,1.7932790148012328,0.08524560609535443,0.9615384615384616,0.17049121219070887
WT_OB_A_GB-Ross,Ridge,0.99,1.398741096883781,0.06226101585842954,0.9615384615384616,0.12452203171685908
WT_OB_A_GB-Ross,SVR_Poly,0.99,2.5868936479821723,0.11643746490942283,0.9615384615384616,0.23287492981884567
WT_OB_A_GB-Ross,SVR_RBF,0.99,1.6633152122375316,0.08574083527350691,0.9615384615384616,0.17148167054701383
WT_OB_A_GB-Ross,XGBoost,0.99,1.2732987271049332,0.04776731502264738,0.9615384615384616,0.09553463004529476
TT_IB_Agri,AdaBoost,0.99,1.337770957632658,29.812169312169313,0.9615384615384616,59.62433862433863
TT_IB_Agri,Baseline_Mean,0.99,6.164410171504992,121.1606796116505,0.9615384615384616,242.321359223301
TT_IB_Agri,Baseline_OLS,0.99,3.7983771646196365,59.99726282583657,0.9615384615384616,119.99452565167314
TT_IB_Agri,BayesianRidge,0.99,3.838003483714139,62.13517005687049,0.9615384615384616,124.27034011374099
TT_IB_Agri,CatBoost,0.9,1.0,14.110586297958008,0.8846153846153846,28.221172595916016
TT_IB_Agri,ElasticNet,0.99,3.7291940064581435,62.749249791390625,0.9615384615384616,125.49849958278125
TT_IB_Agri,ExtraTrees,0.9,1.0201603333680738,9.399000000000019,0.8846153846153846,18.798000000000037
TT_IB_Agri,GPR_Matern,0.99,2.7486071518846407,40.81766521484264,0.9615384615384616,81.63533042968528
TT_IB_Agri,GPR_RBF,0.99,2.713301209862352,41.674234468975,0.9615384615384616,83.34846893795
TT_IB_Agri,GradientBoosting,0.99,1.3274934029646606,31.23235314446001,0.9615384615384616,62.46470628892002
TT_IB_Agri,KNN,0.99,3.8102703653268284,77.48207689429145,0.9615384615384616,154.9641537885829
TT_IB_Agri,Lasso,0.99,3.667988429780686,58.91518692363614,0.9615384615384616,117.83037384727228
TT_IB_Agri,LightGBM,0.99,1.6817360347546397,38.496703722820556,0.9615384615384616,76.99340744564111
TT_IB_Agri,MLP,0.99,2.4202944611563146,40.139164161799144,0.9615384615384616,80.27832832359829
TT_IB_Agri,PolynomialReg_deg2,0.99,3.000261290581147,42.899999495896054,0.9615384615384616,85.79999899179211
TT_IB_Agri,PolynomialReg_deg3,0.99,3.451402192867267,53.62412677998784,0.9615384615384616,107.24825355997568
TT_IB_Agri,RandomForest,0.99,1.5445498476771549,27.295000811688297,0.9615384615384616,54.590001623376594
TT_IB_Agri,Ridge,0.99,4.0350694549236605,73.51193071116094,0.9615384615384616,147.0238614223219
TT_IB_Agri,SVR_Poly,0.99,6.012093198832379,125.37291781517807,0.9615384615384616,250.74583563035614
TT_IB_Agri,SVR_RBF,0.99,3.1462223953701285,54.29158093493032,0.9615384615384616,108.58316186986065
TT_IB_Agri,XGBoost,0.95,1.0902616672403869,20.095861434936523,0.9230769230769231,40.19172286987305
WT_IB_A_Dub,AdaBoost,0.99,1.7195839538753404,0.661809090909091,0.9615384615384616,1.323618181818182
WT_IB_A_Dub,Baseline_Mean,0.99,2.6574883320316456,1.0889077669902911,0.9615384615384616,2.1778155339805823
WT_IB_A_Dub,Baseline_OLS,0.99,1.324367301977883,0.5309992481952525,0.9615384615384616,1.061998496390505
WT_IB_A_Dub,BayesianRidge,0.99,1.3668062602983706,0.6031119502481214,0.9615384615384616,1.2062239004962427
WT_IB_A_Dub,CatBoost,0.95,1.1492566820575596,0.3940160951636142,0.9230769230769231,0.7880321903272284
WT_IB_A_Dub,ElasticNet,0.99,1.3837533004801579,0.6235251189335969,0.9615384615384616,1.2470502378671937
WT_IB_A_Dub,ExtraTrees,0.99,1.432315145350122,0.5595875000000007,0.9615384615384616,1.1191750000000014
WT_IB_A_Dub,GPR_Matern,0.95,1.0618265974017336,0.377460438915981,0.9230769230769231,0.754920877831962
WT_IB_A_Dub,GPR_RBF,0.9,1.0,0.1747239565770126,0.8846153846153846,0.3494479131540252
WT_IB_A_Dub,GradientBoosting,0.99,1.3027966061365468,0.4990108768694734,0.9615384615384616,0.9980217537389467
WT_IB_A_Dub,KNN,0.99,2.0556728087137457,0.8389469558187044,0.9615384615384616,1.6778939116374088
WT_IB_A_Dub,Lasso,0.99,1.4039324691438695,0.6331965993070345,0.9615384615384616,1.266393198614069
WT_IB_A_Dub,LightGBM,0.99,1.3462778244017715,0.5230642409368198,0.9615384615384616,1.0461284818736396
WT_IB_A_Dub,MLP,0.99,1.5771057407580622,0.45307753252471594,0.9615384615384616,0.9061550650494319
WT_IB_A_Dub,PolynomialReg_deg2,0.95,1.0974830655417278,0.35797944190636827,0.9230769230769231,0.7159588838127365
WT_IB_A_Dub,PolynomialReg_deg3,0.99,1.7748422111276625,0.6545026323015621,0.9615384615384616,1.3090052646031243
WT_IB_A_Dub,RandomForest,0.99,1.635534223779811,0.6249000000000002,0.9615384615384616,1.2498000000000005
WT_IB_A_Dub,Ridge,0.99,1.3780241817127206,0.6127264975711265,0.9615384615384616,1.225452995142253
WT_IB_A_Dub,SVR_Poly,0.99,2.0123429537516624,0.8551408150238147,0.9615384615384616,1.7102816300476293
WT_IB_A_Dub,SVR_RBF,0.99,1.5768971578456648,0.7402638231622415,0.9615384615384616,1.480527646324483
WT_IB_A_Dub,XGBoost,0.99,1.364034502593685,0.5122243815660477,0.9615384615384616,1.0244487631320953
WT_IB_A_Ross,AdaBoost,0.99,1.743147877659341,0.32926799007444174,0.9615384615384616,0.6585359801488835
WT_IB_A_Ross,Baseline_Mean,0.99,2.609760579491404,0.4733495145631068,0.9615384615384616,0.9466990291262136
WT_IB_A_Ross,Baseline_OLS,0.99,1.452550911136156,0.28345480191783473,0.9615384615384616,0.5669096038356695
WT_IB_A_Ross,BayesianRidge,0.99,1.4701352949679922,0.29176516410057585,0.9615384615384616,0.5835303282011517
WT_IB_A_Ross,CatBoost,0.99,1.4586695655951132,0.28235160209068216,0.9615384615384616,0.5647032041813643
WT_IB_A_Ross,ElasticNet,0.99,1.5535274920948345,0.3070269473225769,0.9615384615384616,0.6140538946451538
WT_IB_A_Ross,ExtraTrees,0.99,1.5509988124870793,0.29806145833333325,0.9615384615384616,0.5961229166666665
WT_IB_A_Ross,GPR_Matern,0.95,1.1788672408101268,0.17499665765376063,0.9230769230769231,0.34999331530752126
WT_IB_A_Ross,GPR_RBF,0.95,1.15045015990691,0.1717418213052428,0.9230769230769231,0.3434836426104856
WT_IB_A_Ross,GradientBoosting,0.99,1.4592917233175924,0.2545642387958363,0.9615384615384616,0.5091284775916726
WT_IB_A_Ross,KNN,0.99,2.141297249382921,0.4009549667975816,0.9615384615384616,0.8019099335951632
WT_IB_A_Ross,Lasso,0.99,1.462159015131859,0.28894641867521487,0.9615384615384616,0.5778928373504297
WT_IB_A_Ross,LightGBM,0.99,1.4648907532877182,0.2773298874240514,0.9615384615384616,0.5546597748481028
WT_IB_A_Ross,MLP,0.99,2.248357354806726,0.3638158502654173,0.9615384615384616,0.7276317005308346
WT_IB_A_Ross,PolynomialReg_deg2,0.9,1.0,0.09209431977887547,0.8846153846153846,0.18418863955775094
WT_IB_A_Ross,PolynomialReg_deg3,0.99,1.8373894096763705,0.32265185376045613,0.9615384615384616,0.6453037075209123
WT_IB_A_Ross,RandomForest,0.99,1.7077093065025426,0.3314582381616798,0.9615384615384616,0.6629164763233596
WT_IB_A_Ross,Ridge,0.99,1.4880315832310855,0.2962570783746201,0.9615384615384616,0.5925141567492402
WT_IB_A_Ross,SVR_Poly,0.99,2.0234801190374174,0.37225592421722414,0.9615384615384616,0.7445118484344483
WT_IB_A_Ross,SVR_RBF,0.99,1.697886077826546,0.3373381782598269,0.9615384615384616,0.6746763565196539
WT_IB_A_Ross,XGBoost,0.99,1.5150074644950071,0.2750320938229561,0.9615384615384616,0.5500641876459123
WT_IB_NA_Dub,AdaBoost,0.99,1.695504010666684,81.50946109693876,0.9615384615384616,163.01892219387753
WT_IB_NA_Dub,Baseline_Mean,0.99,2.458359862242816,132.2485436893204,0.9615384615384616,264.4970873786408
WT_IB_NA_Dub,Baseline_OLS,0.9,1.0208635030448907,45.38330545472087,0.8846153846153846,90.76661090944174
WT_IB_NA_Dub,BayesianRidge,0.9,1.025210444359921,45.74755168333613,0.8846153846153846,91.49510336667225
WT_IB_NA_Dub,CatBoost,0.99,1.4276334150859853,67.4120580116997,0.9615384615384616,134.8241160233994
WT_IB_NA_Dub,ElasticNet,0.9,1.0065127040901223,43.8750120921844,0.8846153846153846,87.7500241843688
WT_IB_NA_Dub,ExtraTrees,0.99,1.5851826768663952,79.66736250000001,0.9615384615384616,159.33472500000002
WT_IB_NA_Dub,GPR_Matern,0.9,1.0444017549127282,47.204409822467895,0.8846153846153846,94.40881964493579
WT_IB_NA_Dub,GPR_RBF,0.99,2.458357059055332,132.24854298263085,0.9615384615384616,264.4970859652617
WT_IB_NA_Dub,GradientBoosting,0.99,1.3769637003586848,74.4795219570924,0.9615384615384616,148.9590439141848
WT_IB_NA_Dub,KNN,0.99,2.1336189519110538,125.45181771221178,0.9615384615384616,250.90363542442356
WT_IB_NA_Dub,Lasso,0.9,1.0197244004151174,44.22349990339953,0.8846153846153846,88.44699980679906
WT_IB_NA_Dub,LightGBM,0.95,1.1306955064526862,56.32503775442106,0.9230769230769231,112.65007550884212
WT_IB_NA_Dub,MLP,0.95,1.1441246625679775,57.97315265499598,0.9230769230769231,115.94630530999196
WT_IB_NA_Dub,PolynomialReg_deg2,0.99,1.7943106392388228,113.48520435384089,0.9615384615384616,226.97040870768177
WT_IB_NA_Dub,PolynomialReg_deg3,0.99,1.5698788385232574,87.48459935148927,0.9615384615384616,174.96919870297853
WT_IB_NA_Dub,RandomForest,0.99,1.75243849471626,86.29919102092761,0.9615384615384616,172.59838204185522
WT_IB_NA_Dub,Ridge,0.9,1.0,43.77772542728032,0.8846153846153846,87.55545085456065
WT_IB_NA_Dub,SVR_Poly,0.99,2.1190159487224483,121.67067332166968,0.9615384615384616,243.34134664333936
WT_IB_NA_Dub,SVR_RBF,0.99,1.5848923374679245,94.66911654293193,0.9615384615384616,189.33823308586386
WT_IB_NA_Dub,XGBoost,0.99,1.3833694072193303,71.35498714447021,0.9615384615384616,142.70997428894043
WT_OB_NA_GB-Dub,AdaBoost,0.99,1.4516243414503864,1.806778846153846,0.9615384615384616,3.613557692307692
WT_OB_NA_GB-Dub,Baseline_Mean,0.99,2.4253276035462523,3.059199029126213,0.9615384615384616,6.118398058252426
WT_OB_NA_GB-Dub,Baseline_OLS,0.95,1.0721898324371046,0.824877518016752,0.9230769230769231,1.649755036033504
WT_OB_NA_GB-Dub,BayesianRidge,0.95,1.087779176027058,0.8639015347659709,0.9230769230769231,1.7278030695319417
WT_OB_NA_GB-Dub,CatBoost,0.99,1.303356147421078,1.97615010695132,0.9615384615384616,3.95230021390264
WT_OB_NA_GB-Dub,ElasticNet,0.95,1.1575405742953166,0.9515907026243284,0.9230769230769231,1.9031814052486569
WT_OB_NA_GB-Dub,ExtraTrees,0.99,1.355367103867957,1.944425,0.9615384615384616,3.88885
WT_OB_NA_GB-Dub,GPR_Matern,0.9,1.0,0.6181932839412041,0.8846153846153846,1.2363865678824082
WT_OB_NA_GB-Dub,GPR_RBF,0.99,2.4253261891896725,3.059199125122425,0.9615384615384616,6.11839825024485
WT_OB_NA_GB-Dub,GradientBoosting,0.99,1.2378349022128499,1.752488880955316,0.9615384615384616,3.504977761910632
WT_OB_NA_GB-Dub,KNN,0.99,2.137315014860557,2.772666666666667,0.9615384615384616,5.545333333333334
WT_OB_NA_GB-Dub,Lasso,0.95,1.0812470847148266,0.8416137780084139,0.9230769230769231,1.6832275560168277
WT_OB_NA_GB-Dub,LightGBM,0.95,1.172880947252107,1.036797483890503,0.9230769230769231,2.073594967781006
WT_OB_NA_GB-Dub,MLP,0.99,1.3268759328850315,1.680893884614322,0.9615384615384616,3.361787769228644
WT_OB_NA_GB-Dub,PolynomialReg_deg2,0.99,1.2444022087374995,1.8504937496484106,0.9615384615384616,3.7009874992968212
WT_OB_NA_GB-Dub,PolynomialReg_deg3,0.99,1.6520778147578037,2.062038296023958,0.9615384615384616,4.124076592047916
WT_OB_NA_GB-Dub,RandomForest,0.99,1.4708333250704988,1.733175,0.9615384615384616,3.46635
WT_OB_NA_GB-Dub,Ridge,0.95,1.127246925166556,0.9164492198043321,0.9230769230769231,1.8328984396086643
WT_OB_NA_GB-Dub,SVR_Poly,0.99,1.671441875895085,2.0928130916331016,0.9615384615384616,4.185626183266203
WT_OB_NA_GB-Dub,SVR_RBF,0.99,1.4685506433605613,2.194398046260604,0.9615384615384616,4.388796092521208
WT_OB_NA_GB-Dub,XGBoost,0.99,1.215980508989447,1.6450373864173888,0.9615384615384616,3.2900747728347777
WT_IB_NA_Ross,AdaBoost,0.95,1.0743095113944758,12.11711277173913,0.9230769230769231,24.23422554347826
WT_IB_NA_Ross,Baseline_Mean,0.95,1.0781140807925977,12.392815533980583,0.9230769230769231,24.785631067961166
WT_IB_NA_Ross,Baseline_OLS,0.9,1.0,8.85523936972286,0.8846153846153846,17.71047873944572
WT_IB_NA_Ross,BayesianRidge,0.9,1.0224768527266077,3.790509305930864,0.8846153846153846,7.581018611861728
WT_IB_NA_Ross,CatBoost,0.95,1.0943113936892583,12.927790674673524,0.9230769230769231,25.855581349347048
WT_IB_NA_Ross,ElasticNet,0.9,1.0283860114485346,2.8385461032445667,0.8846153846153846,5.677092206489133
WT_IB_NA_Ross,ExtraTrees,0.9,1.0210438656200442,9.136020714285712,0.8846153846153846,18.272041428571423
WT_IB_NA_Ross,GPR_Matern,0.9,1.0472739598066458,5.094583399235418,0.8846153846153846,10.189166798470836
WT_IB_NA_Ross,GPR_RBF,0.95,1.0781138677622817,12.39280179325997,0.9230769230769231,24.78560358651994
WT_IB_NA_Ross,GradientBoosting,0.9,1.0438548188799697,3.7247092964383404,0.8846153846153846,7.449418592876681
WT_IB_NA_Ross,KNN,0.95,1.0930976019165015,12.894097525558326,0.9230769230769231,25.788195051116652
WT_IB_NA_Ross,Lasso,0.9,1.0273272573355883,2.545880993356311,0.8846153846153846,5.091761986712622
WT_IB_NA_Ross,LightGBM,0.9,1.0210095325583057,4.638313994980185,0.8846153846153846,9.27662798996037
WT_IB_NA_Ross,MLP,0.99,1.442569891293284,42.182501786749825,0.9615384615384616,84.36500357349965
WT_IB_NA_Ross,PolynomialReg_deg2,0.99,1.2496938490619998,35.39046678217555,0.9615384615384616,70.7809335643511
WT_IB_NA_Ross,PolynomialReg_deg3,0.95,1.1918446016524245,23.06979256965567,0.9230769230769231,46.13958513931134
WT_IB_NA_Ross,RandomForest,0.95,1.134724571642575,18.171542159241014,0.9230769230769231,36.34308431848203
WT_IB_NA_Ross,Ridge,0.9,1.0057388283303523,4.999069246232997,0.8846153846153846,9.998138492465994
WT_IB_NA_Ross,SVR_Poly,0.95,1.058880378516513,11.863673524894635,0.9230769230769231,23.72734704978927
WT_IB_NA_Ross,SVR_RBF,0.9,1.0467323455815436,1.6873690945642912,0.8846153846153846,3.3747381891285824
WT_IB_NA_Ross,XGBoost,0.9,1.0450742254514374,3.54276180267334,0.8846153846153846,7.08552360534668
WT_OB_NA_GB-Ross,AdaBoost,0.99,1.5556775149307924,1.5865522875816993,0.9615384615384616,3.1731045751633986
WT_OB_NA_GB-Ross,Baseline_Mean,0.99,2.7732343434637867,2.7885436893203885,0.9615384615384616,5.577087378640777
WT_OB_NA_GB-Ross,Baseline_OLS,0.95,1.0790619840493452,0.8229435509589311,0.9230769230769231,1.6458871019178622
WT_OB_NA_GB-Ross,BayesianRidge,0.95,1.1030231038904414,0.8234014035092618,0.9230769230769231,1.6468028070185237
WT_OB_NA_GB-Ross,CatBoost,0.99,1.287724743572273,1.3845544822251388,0.9615384615384616,2.7691089644502775
WT_OB_NA_GB-Ross,ElasticNet,0.95,1.1063558779465743,0.8540700895210509,0.9230769230769231,1.7081401790421018
WT_OB_NA_GB-Ross,ExtraTrees,0.99,1.5657845602086928,1.6723875,0.9615384615384616,3.344775
WT_OB_NA_GB-Ross,GPR_Matern,0.9,1.0373330838037396,0.5277166508263031,0.8846153846153846,1.0554333016526063
WT_OB_NA_GB-Ross,GPR_RBF,0.99,2.7732316366236116,2.788543486650563,0.9615384615384616,5.577086973301126
WT_OB_NA_GB-Ross,GradientBoosting,0.99,1.2255665605187285,1.1611958762659746,0.9615384615384616,2.3223917525319493
WT_OB_NA_GB-Ross,KNN,0.99,2.45336592874505,2.3557584983832545,0.9615384615384616,4.711516996766509
WT_OB_NA_GB-Ross,Lasso,0.95,1.1085556299902983,0.8601257745074676,0.9230769230769231,1.7202515490149353
WT_OB_NA_GB-Ross,LightGBM,0.99,1.2862576600627669,1.4444223668172302,0.9615384615384616,2.8888447336344605
WT_OB_NA_GB-Ross,MLP,0.99,1.4012028925289253,1.1344865255370462,0.9615384615384616,2.2689730510740924
WT_OB_NA_GB-Ross,PolynomialReg_deg2,0.9,1.0,0.533590677403664,0.8846153846153846,1.067181354807328
WT_OB_NA_GB-Ross,PolynomialReg_deg3,0.99,1.4861318668003582,1.4622629499859876,0.9615384615384616,2.924525899971975
WT_OB_NA_GB-Ross,RandomForest,0.99,1.6011364936756092,1.6683374999999996,0.9615384615384616,3.336674999999999
WT_OB_NA_GB-Ross,Ridge,0.95,1.0990895543966133,0.8254975145964085,0.9230769230769231,1.650995029192817
WT_OB_NA_GB-Ross,SVR_Poly,0.99,1.4763658942090785,1.5715827994582443,0.9615384615384616,3.1431655989164886
WT_OB_NA_GB-Ross,SVR_RBF,0.99,1.7408792630051504,1.8043393538030603,0.9615384615384616,3.6086787076061206
WT_OB_NA_GB-Ross,XGBoost,0.99,1.319792173710706,1.3180563151836395,0.9615384615384616,2.636112630367279
TT_OB_LB,AdaBoost,0.95,1.0807684255128198,0.3483766233766259,0.9230769230769231,0.6967532467532518
TT_OB_LB,Baseline_Mean,0.99,2.352255942254582,0.73135922330097,1.0,1.46271844660194
TT_OB_LB,Baseline_OLS,0.99,1.8850331590802687,0.5924484377687049,0.9615384615384616,1.1848968755374099
TT_OB_LB,BayesianRidge,0.99,1.6935097031871218,0.5210102712928029,0.9615384615384616,1.0420205425856057
TT_OB_LB,CatBoost,0.99,1.2267955224602964,0.5190295487908134,0.9615384615384616,1.0380590975816268
TT_OB_LB,ElasticNet,0.99,1.5805947632329254,0.48952620895141585,0.9615384615384616,0.9790524179028317
TT_OB_LB,ExtraTrees,0.95,1.0682664749607829,0.43173750000000144,0.9230769230769231,0.8634750000000029
TT_OB_LB,GPR_Matern,0.99,1.6379929840570417,0.4786099570407085,0.9615384615384616,0.957219914081417
TT_OB_LB,GPR_RBF,0.99,2.352248408656653,0.7313592918822591,0.9615384615384616,1.4627185837645182
TT_OB_LB,GradientBoosting,0.9,1.0,0.25319252030810624,0.8846153846153846,0.5063850406162125
TT_OB_LB,KNN,0.99,2.2048229920085918,0.8181600666970557,0.9615384615384616,1.6363201333941113
TT_OB_LB,Lasso,0.99,1.6602965825386051,0.538465011695342,0.9615384615384616,1.076930023390684
TT_OB_LB,LightGBM,0.99,1.2099976247707558,0.4953010927986732,0.9615384615384616,0.9906021855973464
TT_OB_LB,MLP,0.99,14.265912322193293,6.575240447710791,0.9615384615384616,13.150480895421582
TT_OB_LB,PolynomialReg_deg2,0.99,1.961015810990998,0.7652194888184223,0.9615384615384616,1.5304389776368446
TT_OB_LB,PolynomialReg_deg3,0.99,2.851961022437855,0.9617048464737001,0.9615384615384616,1.9234096929474003
TT_OB_LB,RandomForest,0.95,1.0647190815061998,0.38106488095237534,0.9230769230769231,0.7621297619047507
TT_OB_LB,Ridge,0.99,1.6928640867405218,0.5223976177086662,0.9615384615384616,1.0447952354173324
TT_OB_LB,SVR_Poly,0.99,2.3303906048474214,0.8847328555667024,0.9615384615384616,1.769465711133405
TT_OB_LB,SVR_RBF,0.99,1.7693909070192704,0.5888601815053542,0.9615384615384616,1.1777203630107085
TT_OB_LB,XGBoost,0.99,1.7197923040657694,0.8724956512451172,0.9615384615384616,1.7449913024902344
WT_OB_LB,AdaBoost,0.99,1.7214160235087008,1.267038461538462,0.9615384615384616,2.534076923076924
WT_OB_LB,Baseline_Mean,0.99,3.130128030111015,2.0616504854368936,1.0,4.123300970873787
WT_OB_LB,Baseline_OLS,0.95,1.1697226145165442,0.7390419919879145,0.9230769230769231,1.478083983975829
WT_OB_LB,BayesianRidge,0.99,1.201243111968304,0.8465226459427442,0.9615384615384616,1.6930452918854884
WT_OB_LB,CatBoost,0.99,1.4463715051348516,1.0031519772904496,0.9615384615384616,2.006303954580899
WT_OB_LB,ElasticNet,0.95,1.1898408333776906,0.7916472892218962,0.9230769230769231,1.5832945784437924
WT_OB_LB,ExtraTrees,0.99,1.6883800759292225,1.2211749999999992,0.9615384615384616,2.4423499999999985
WT_OB_LB,GPR_Matern,0.9,1.0,0.4030324355827746,0.8846153846153846,0.8060648711655491
WT_OB_LB,GPR_RBF,0.99,3.1301256108840145,2.0616504823073707,0.9615384615384616,4.123300964614741
WT_OB_LB,GradientBoosting,0.99,1.5138968803460116,0.8606050208202274,0.9615384615384616,1.7212100416404548
WT_OB_LB,KNN,0.99,2.601603795052126,1.8017749445516822,0.9615384615384616,3.6035498891033644
WT_OB_LB,Lasso,0.95,1.1923196805291467,0.7891777259165487,0.9230769230769231,1.5783554518330973
WT_OB_LB,LightGBM,0.99,1.5127030824173016,1.0139631889475074,0.9615384615384616,2.0279263778950147
WT_OB_LB,MLP,0.99,1.680155496427485,1.1699993944798628,0.9615384615384616,2.3399987889597256
WT_OB_LB,PolynomialReg_deg2,0.95,1.1438271036783683,0.6320802555588846,0.9230769230769231,1.2641605111177692
WT_OB_LB,PolynomialReg_deg3,0.99,1.3889296283237724,0.9625327732172952,0.9615384615384616,1.9250655464345905
WT_OB_LB,RandomForest,0.99,1.7843952492277586,1.1770360294117643,0.9615384615384616,2.3540720588235287
WT_OB_LB,Ridge,0.95,1.193980742912173,0.7610352903138122,0.9230769230769231,1.5220705806276245
WT_OB_LB,SVR_Poly,0.99,1.4242375887757452,0.9896276658801578,0.9615384615384616,1.9792553317603157
WT_OB_LB,SVR_RBF,0.99,1.831016270429895,1.445735807400501,0.9615384615384616,2.891471614801002
WT_OB_LB,XGBoost,0.99,1.5478343490987108,0.9060417413711548,0.9615384615384616,1.8120834827423096
TT_IB_LB,AdaBoost,0.99,1.6473328038556745,54.05903846153846,0.9615384615384616,108.11807692307691
TT_IB_LB,Baseline_Mean,0.99,2.4957053108677965,98.99563106796117,0.9615384615384616,197.99126213592234
TT_IB_LB,Baseline_OLS,0.95,1.0800868334555633,37.98457960239439,0.9230769230769231,75.96915920478878
TT_IB_LB,BayesianRidge,0.9,1.0281538559660048,32.50078822565761,0.8846153846153846,65.00157645131522
TT_IB_LB,CatBoost,0.99,1.4140883365793817,53.8126700832337,0.9615384615384616,107.6253401664674
TT_IB_LB,ElasticNet,0.9,1.0070949008623233,31.176606470690018,0.8846153846153846,62.353212941380036
TT_IB_LB,ExtraTrees,0.99,1.4973590131415901,58.840250000000005,0.9615384615384616,117.68050000000001
TT_IB_LB,GPR_Matern,0.9,1.0429886126670571,36.28760418022787,0.8846153846153846,72.57520836045575
TT_IB_LB,GPR_RBF,0.99,2.4957023517394683,98.99562684215806,0.9615384615384616,197.99125368431612
TT_IB_LB,GradientBoosting,0.99,1.4363403077123988,53.10251928175346,0.9615384615384616,106.20503856350692
TT_IB_LB,KNN,0.99,2.1549884202516814,97.11329081614598,0.9615384615384616,194.22658163229195
TT_IB_LB,Lasso,0.9,1.0381510709197312,32.55560730289085,0.8846153846153846,65.1112146057817
TT_IB_LB,LightGBM,0.95,1.1498479942461308,39.25063722208773,0.9230769230769231,78.50127444417546
TT_IB_LB,MLP,0.95,1.1676234489683164,53.91725182588033,0.9230769230769231,107.83450365176066
TT_IB_LB,PolynomialReg_deg2,0.99,1.625783357060013,73.40913948654432,0.9615384615384616,146.81827897308864
TT_IB_LB,PolynomialReg_deg3,0.99,1.5972869553985831,66.05757999005837,0.9615384615384616,132.11515998011674
TT_IB_LB,RandomForest,0.99,1.8074529506458104,66.06696428571428,0.9615384615384616,132.13392857142856
TT_IB_LB,Ridge,0.9,1.0,30.390791502057382,0.8846153846153846,60.781583004114765
TT_IB_LB,SVR_Poly,0.99,2.0445723489092757,88.28388054207934,0.9615384615384616,176.5677610841587
TT_IB_LB,SVR_RBF,0.99,1.5465542541696085,67.67564768336885,0.9615384615384616,135.3512953667377
TT_IB_LB,XGBoost,0.99,1.4782220329832447,55.52573299407959,0.9615384615384616,111.05146598815918
WT_IB_LB,AdaBoost,0.99,1.6931316250683248,94.73181818181818,0.9615384615384616,189.46363636363637
WT_IB_LB,Baseline_Mean,0.99,2.443980551424452,138.9578640776699,0.9615384615384616,277.9157281553398
WT_IB_LB,Baseline_OLS,0.95,1.0875591345723257,56.2212173160421,0.9230769230769231,112.4424346320842
WT_IB_LB,BayesianRidge,0.9,1.0043175617070659,46.64613072812719,0.8846153846153846,93.29226145625438
WT_IB_LB,CatBoost,0.99,1.4468305228133718,88.72418381750319,0.9615384615384616,177.44836763500638
WT_IB_LB,ElasticNet,0.9,1.0,46.62892302954253,0.8846153846153846,93.25784605908505
WT_IB_LB,ExtraTrees,0.99,1.516402869165596,83.77528214285715,0.9615384615384616,167.5505642857143
WT_IB_LB,GPR_Matern,0.9,1.0007148887023334,47.0812828944332,0.8846153846153846,94.1625657888664
WT_IB_LB,GPR_RBF,0.99,2.443977749841023,138.9578621014555,0.9615384615384616,277.915724202911
WT_IB_LB,GradientBoosting,0.99,1.348346483418909,92.31213576755262,0.9615384615384616,184.62427153510524
WT_IB_LB,KNN,0.99,2.101185158673364,122.2845028449693,0.9615384615384616,244.5690056899386
WT_IB_LB,Lasso,0.9,1.0076025463646727,46.197273672567256,0.8846153846153846,92.39454734513451
WT_IB_LB,LightGBM,0.95,1.1929031301057065,56.33308300923345,0.9230769230769231,112.6661660184669
WT_IB_LB,MLP,0.9,1.0383247755097889,45.60179402157561,0.8846153846153846,91.20358804315121
WT_IB_LB,PolynomialReg_deg2,0.99,1.3968391960754998,83.64866085466365,0.9615384615384616,167.2973217093273
WT_IB_LB,PolynomialReg_deg3,0.99,1.6175426498482515,92.26269224969454,0.9615384615384616,184.52538449938908
WT_IB_LB,RandomForest,0.99,1.7410779125329392,103.3447,0.9615384615384616,206.6894
WT_IB_LB,Ridge,0.9,1.0304743584775795,47.26198032584103,0.8846153846153846,94.52396065168206
WT_IB_LB,SVR_Poly,0.99,2.143546245821749,124.13365161350443,0.9615384615384616,248.26730322700885
WT_IB_LB,SVR_RBF,0.99,1.5741772004488983,91.46091321496446,0.9615384615384616,182.92182642992893
WT_IB_LB,XGBoost,0.99,1.515528860079962,84.67254753112793,0.9615384615384616,169.34509506225587
TT_OB_DR,AdaBoost,0.9,1.0,0.7957264957264947,0.8846153846153846,1.5914529914529894
TT_OB_DR,Baseline_Mean,0.99,1.5218219109912925,1.9024271844660205,0.9615384615384616,3.804854368932041
TT_OB_DR,Baseline_OLS,0.99,1.3096408317542019,1.4607561886985074,0.9615384615384616,2.921512377397015
TT_OB_DR,BayesianRidge,0.99,1.3301661164773717,1.5889620080162778,0.9615384615384616,3.1779240160325557
TT_OB_DR,CatBoost,0.95,1.1315010546323099,0.8824114257489075,0.9230769230769231,1.764822851497815
TT_OB_DR,ElasticNet,0.99,1.3360636876016543,1.608026523687565,0.9615384615384616,3.21605304737513
TT_OB_DR,ExtraTrees,0.9,1.0076143385855385,0.7845209580086454,0.8846153846153846,1.5690419160172908
TT_OB_DR,GPR_Matern,0.99,1.3296104769695365,1.616126306405425,0.9615384615384616,3.23225261281085
TT_OB_DR,GPR_RBF,0.99,1.5218214636670717,1.902426890794258,0.9615384615384616,3.804853781588516
TT_OB_DR,GradientBoosting,0.9,1.0351642666359724,0.7783137885576998,0.8846153846153846,1.5566275771153997
TT_OB_DR,KNN,0.99,1.3114876159696418,1.7130099454450445,0.9615384615384616,3.426019890890089
TT_OB_DR,Lasso,0.99,1.3635148692015986,1.652091557199272,0.9615384615384616,3.304183114398544
TT_OB_DR,LightGBM,0.99,1.2492027353294812,1.5993032989918508,0.9615384615384616,3.1986065979837015
TT_OB_DR,MLP,0.99,7.24310741785851,9.512041469223163,0.9615384615384616,19.024082938446327
TT_OB_DR,PolynomialReg_deg2,0.99,1.663740050946987,1.833732127868501,0.9615384615384616,3.667464255737002
TT_OB_DR,PolynomialReg_deg3,0.99,1.4810324344464099,1.3834381402246336,0.9615384615384616,2.7668762804492673
TT_OB_DR,RandomForest,0.9,1.0495512560825093,0.849601229439525,0.8846153846153846,1.69920245887905
TT_OB_DR,Ridge,0.99,1.317047523392031,1.558950499079966,0.9615384615384616,3.117900998159932
TT_OB_DR,SVR_Poly,0.99,1.4864742666979365,1.7890037321615324,0.9615384615384616,3.578007464323065
TT_OB_DR,SVR_RBF,0.99,1.2895237617259372,1.519867746135862,0.9615384615384616,3.039735492271724
TT_OB_DR,XGBoost,0.9,1.0297791256229012,0.8007411956787109,0.8846153846153846,1.6014823913574219
TT_IB_DR,AdaBoost,0.99,1.2462174821937493,0.27232988802756,0.9615384615384616,0.54465977605512
TT_IB_DR,Baseline_Mean,0.99,1.222187509710332,0.25703883495145696,0.9615384615384616,0.5140776699029139
TT_IB_DR,Baseline_OLS,0.99,2.324124050935146,0.30204125761020073,0.9615384615384616,0.6040825152204015
TT_IB_DR,BayesianRidge,0.99,1.4481875368555366,0.20188168955755703,0.9615384615384616,0.40376337911511406
TT_IB_DR,CatBoost,0.99,1.2163128521800048,0.25509357018106904,0.9615384615384616,0.5101871403621381
TT_IB_DR,ElasticNet,0.95,1.1748434756787232,0.1773349793639296,0.9230769230769231,0.3546699587278592
TT_IB_DR,ExtraTrees,0.99,2.5839009549924628,0.4869500245528702,0.9615384615384616,0.9739000491057404
TT_IB_DR,GPR_Matern,0.99,1.4600649527079876,0.22675036973740426,0.9615384615384616,0.4535007394748085
TT_IB_DR,GPR_RBF,0.99,1.222186231401643,0.2570387572113422,0.9615384615384616,0.5140775144226843
TT_IB_DR,GradientBoosting,0.99,1.9883170689958478,0.44596815496252873,0.9615384615384616,0.8919363099250575
TT_IB_DR,KNN,0.99,1.3524198724895629,0.2565872419751578,0.9615384615384616,0.5131744839503156
TT_IB_DR,Lasso,0.99,1.222187509710332,0.25703883495145696,0.9615384615384616,0.5140776699029139
TT_IB_DR,LightGBM,0.99,1.4524046039385952,0.26012155899786027,0.9615384615384616,0.5202431179957205
TT_IB_DR,MLP,0.99,47.332285114144014,8.40082987149762,0.9615384615384616,16.80165974299524
TT_IB_DR,PolynomialReg_deg2,0.99,4.155951358530319,0.5857902474030512,0.9615384615384616,1.1715804948061024
TT_IB_DR,PolynomialReg_deg3,0.99,3.4039833846274856,0.6260167206596998,0.9615384615384616,1.2520334413193996
TT_IB_DR,RandomForest,0.99,1.5125376469734662,0.2872829284117042,0.9615384615384616,0.5745658568234084
TT_IB_DR,Ridge,0.99,1.5384212965706396,0.20200300332188004,0.9615384615384616,0.4040060066437601
TT_IB_DR,SVR_Poly,0.95,1.1969883304057833,0.17443962649678646,0.9230769230769231,0.3488792529935729
TT_IB_DR,SVR_RBF,0.9,1.0,0.04591894536948793,0.8846153846153846,0.09183789073897586
TT_IB_DR,XGBoost,0.99,1.3563326387740962,0.2886248588562017,0.9615384615384616,0.5772497177124034
Uti_Cus_D,AdaBoost,0.99,1.2035289739518291,0.16535511363636346,0.9615384615384616,0.3307102272727269
Uti_Cus_D,Baseline_Mean,0.99,1.7248223218190177,0.2894174757281558,0.9615384615384616,0.5788349514563116
Uti_Cus_D,Baseline_OLS,0.99,1.5046055282677946,0.20245249680326466,0.9615384615384616,0.4049049936065293
Uti_Cus_D,BayesianRidge,0.99,1.2682376081078885,0.1472126213810822,0.9615384615384616,0.2944252427621644
Uti_Cus_D,CatBoost,0.95,1.174627702437298,0.15088376719548607,0.9230769230769231,0.30176753439097215
Uti_Cus_D,ElasticNet,0.95,1.1235965603316587,0.13391411052730207,0.9230769230769231,0.26782822105460413
Uti_Cus_D,ExtraTrees,0.95,1.0924163431846978,0.16156344696969707,0.9230769230769231,0.32312689393939414
Uti_Cus_D,GPR_Matern,0.9,1.0,0.1150092207166653,0.8846153846153846,0.2300184414333306
Uti_Cus_D,GPR_RBF,0.99,1.7248200010689962,0.28941751639038743,0.9615384615384616,0.5788350327807749
Uti_Cus_D,GradientBoosting,0.99,1.522418249807668,0.18976087646535328,0.9615384615384616,0.37952175293070656
Uti_Cus_D,KNN,0.99,1.9501766699612066,0.34775233810916184,0.9615384615384616,0.6955046762183237
Uti_Cus_D,Lasso,0.95,1.08823186181975,0.1322150039925712,0.9230769230769231,0.2644300079851424
Uti_Cus_D,LightGBM,0.99,1.4878109741720413,0.21555070467288576,0.9615384615384616,0.4311014093457715
Uti_Cus_D,MLP,0.99,3.4052442872399484,0.49808385501749974,0.9615384615384616,0.9961677100349995
Uti_Cus_D,PolynomialReg_deg2,0.99,1.6975771755177305,0.29593925488930345,0.9615384615384616,0.5918785097786069
Uti_Cus_D,PolynomialReg_deg3,0.99,2.6158788786781115,0.399155181485237,0.9615384615384616,0.798310362970474
Uti_Cus_D,RandomForest,0.99,1.4411902574575335,0.22271164802366283,0.9615384615384616,0.44542329604732567
Uti_Cus_D,Ridge,0.99,1.3134416489613148,0.15531636168243212,0.9615384615384616,0.31063272336486425
Uti_Cus_D,SVR_Poly,0.99,1.6753355383246382,0.26438017007989245,0.9615384615384616,0.5287603401597849
Uti_Cus_D,SVR_RBF,0.99,1.2071387871409027,0.22345820351671358,0.9615384615384616,0.44691640703342717
Uti_Cus_D,XGBoost,0.99,1.2542813775121566,0.18951335787773133,0.9615384615384616,0.37902671575546265
Uti_DAFM_D,AdaBoost,0.99,1.9299637588689933,0.2015126050420169,0.9615384615384616,0.4030252100840338
Uti_DAFM_D,Baseline_Mean,0.99,2.8799195088329963,0.29970873786407776,1.0,0.5994174757281555
Uti_DAFM_D,Baseline_OLS,0.99,1.3065418535230116,0.14198266341503035,0.9615384615384616,0.2839653268300607
Uti_DAFM_D,BayesianRidge,0.99,1.343845558054916,0.15595196623382274,0.9615384615384616,0.3119039324676455
Uti_DAFM_D,CatBoost,0.99,1.291885657633609,0.14653653933574717,0.9615384615384616,0.29307307867149435
Uti_DAFM_D,ElasticNet,0.99,1.3557933494731622,0.15878402602786207,0.9615384615384616,0.31756805205572414
Uti_DAFM_D,ExtraTrees,0.99,1.6799296323352595,0.17967500000000064,0.9615384615384616,0.3593500000000013
Uti_DAFM_D,GPR_Matern,0.95,1.0514432451080946,0.0961957890745317,0.9230769230769231,0.1923915781490634
Uti_DAFM_D,GPR_RBF,0.9,1.0,0.05588060062879899,0.8846153846153846,0.11176120125759798
Uti_DAFM_D,GradientBoosting,0.99,1.5194236361660187,0.1547661329787815,0.9615384615384616,0.309532265957563
Uti_DAFM_D,KNN,0.99,2.36924671106862,0.25289904200523905,0.9615384615384616,0.5057980840104781
Uti_DAFM_D,Lasso,0.99,1.318881591822259,0.15323339940794298,0.9615384615384616,0.30646679881588595
Uti_DAFM_D,LightGBM,0.99,1.3132603295985932,0.13056561600999445,0.9615384615384616,0.2611312320199889
Uti_DAFM_D,MLP,0.99,4.063371442305412,0.39665975948178267,0.9615384615384616,0.7933195189635653
Uti_DAFM_D,PolynomialReg_deg2,0.9,1.0114959042198266,0.060193738012679174,0.8846153846153846,0.12038747602535835
Uti_DAFM_D,PolynomialReg_deg3,0.99,1.6944763436959889,0.16445257641603642,0.9615384615384616,0.32890515283207283
Uti_DAFM_D,RandomForest,0.99,1.9281413117734443,0.19535000000000052,0.9615384615384616,0.39070000000000105
Uti_DAFM_D,Ridge,0.99,1.300946720783712,0.14943438490710542,0.9615384615384616,0.29886876981421084
Uti_DAFM_D,SVR_Poly,0.99,2.088754206132142,0.18756324122337537,0.9615384615384616,0.37512648244675073
Uti_DAFM_D,SVR_RBF,0.99,1.7732217216696846,0.21052779934577537,0.9615384615384616,0.42105559869155074
Uti_DAFM_D,XGBoost,0.99,1.5150953131114528,0.15634679347276692,0.9615384615384616,0.31269358694553384
Uti_Cus_R,AdaBoost,0.99,2.748489362072402,0.2267857142857143,0.9615384615384616,0.4535714285714286
Uti_Cus_R,Baseline_Mean,0.99,5.244201498901733,0.4062378640776699,0.9615384615384616,0.8124757281553397
Uti_Cus_R,Baseline_OLS,0.95,1.1116384280134703,0.07912902528803728,0.9230769230769231,0.15825805057607456
Uti_Cus_R,BayesianRidge,0.9,1.0438934666834667,0.06728033698091679,0.8846153846153846,0.13456067396183358
Uti_Cus_R,CatBoost,0.99,1.9999790412242402,0.17592229499857556,0.9615384615384616,0.3518445899971511
Uti_Cus_R,ElasticNet,0.99,1.282296198062562,0.11968599637052482,0.9615384615384616,0.23937199274104964
Uti_Cus_R,ExtraTrees,0.99,2.4057625639370923,0.18499999999999944,0.9615384615384616,0.3699999999999989
Uti_Cus_R,GPR_Matern,0.9,1.0239571750657994,0.06406084318034694,0.8846153846153846,0.12812168636069388
Uti_Cus_R,GPR_RBF,0.9,1.0,0.06078365164793814,0.8846153846153846,0.12156730329587628
Uti_Cus_R,GradientBoosting,0.99,2.3665672387152776,0.18485950781712218,0.9615384615384616,0.36971901563424436
Uti_Cus_R,KNN,0.99,4.39226667343591,0.3491959431939389,0.9615384615384616,0.6983918863878777
Uti_Cus_R,Lasso,0.95,1.0597488003180746,0.08558474151326423,0.9230769230769231,0.17116948302652846
Uti_Cus_R,LightGBM,0.99,1.8219284112825032,0.16599490580933182,0.9615384615384616,0.33198981161866364
Uti_Cus_R,MLP,0.99,4.3429514692398055,0.37383440294014714,0.9615384615384616,0.7476688058802943
Uti_Cus_R,PolynomialReg_deg2,0.99,1.3855528648456181,0.15466150008507554,0.9615384615384616,0.3093230001701511
Uti_Cus_R,PolynomialReg_deg3,0.99,2.1219099448580034,0.16159317413305146,0.9615384615384616,0.32318634826610293
Uti_Cus_R,RandomForest,0.99,2.759073637298562,0.22621250000000004,0.9615384615384616,0.4524250000000001
Uti_Cus_R,Ridge,0.9,1.0362597428909208,0.06670544373030077,0.8846153846153846,0.13341088746060153
Uti_Cus_R,SVR_Poly,0.99,2.1323410958173636,0.1765695918700296,0.9615384615384616,0.3531391837400592
Uti_Cus_R,SVR_RBF,0.99,3.02409394441803,0.27310365354943195,0.9615384615384616,0.5462073070988639
Uti_Cus_R,XGBoost,0.99,2.2684815594847154,0.1690803378820419,0.9615384615384616,0.3381606757640838
Uti_DAFM_R,AdaBoost,0.99,2.4608814835613484,0.10220833333333329,0.9615384615384616,0.20441666666666658
Uti_DAFM_R,Baseline_Mean,0.99,3.912027616374342,0.16390776699029125,0.9615384615384616,0.3278155339805825
Uti_DAFM_R,Baseline_OLS,0.99,1.2364093796328501,0.059242417561702454,0.9615384615384616,0.11848483512340491
Uti_DAFM_R,BayesianRidge,0.99,1.252840726603552,0.06086905914823759,0.9615384615384616,0.12173811829647518
Uti_DAFM_R,CatBoost,0.99,1.746832458000757,0.07747129427070129,0.9615384615384616,0.15494258854140258
Uti_DAFM_R,ElasticNet,0.99,1.2979379915692344,0.062266854047158454,0.9615384615384616,0.12453370809431691
Uti_DAFM_R,ExtraTrees,0.99,2.290618438211271,0.09752395833333327,0.9615384615384616,0.19504791666666654
Uti_DAFM_R,GPR_Matern,0.9,1.0209048167675574,0.02553766126968854,0.8846153846153846,0.05107532253937708
Uti_DAFM_R,GPR_RBF,0.9,1.0,0.024411127506224747,0.8846153846153846,0.048822255012449495
Uti_DAFM_R,GradientBoosting,0.99,2.167302948681947,0.09119600455750951,0.9615384615384616,0.18239200911501902
Uti_DAFM_R,KNN,0.99,3.213796687962715,0.13445537583407446,0.9615384615384616,0.26891075166814893
Uti_DAFM_R,Lasso,0.99,1.3178823930112473,0.06343938407039723,0.9615384615384616,0.12687876814079446
Uti_DAFM_R,LightGBM,0.99,1.7185010065038295,0.07567408295188352,0.9615384615384616,0.15134816590376704
Uti_DAFM_R,MLP,0.99,8.868601936896729,0.36346367440345806,0.9615384615384616,0.7269273488069161
Uti_DAFM_R,PolynomialReg_deg2,0.99,1.203082396471961,0.04105836786461055,0.9615384615384616,0.0821167357292211
Uti_DAFM_R,PolynomialReg_deg3,0.99,2.0595541353105973,0.078822696558288,0.9615384615384616,0.157645393116576
Uti_DAFM_R,RandomForest,0.99,2.7924584957309824,0.11355303571428574,0.9615384615384616,0.22710607142857148
Uti_DAFM_R,Ridge,0.99,1.2497556336901576,0.060635969287188424,0.9615384615384616,0.12127193857437685
Uti_DAFM_R,SVR_Poly,0.99,2.190360575135919,0.08677145352999954,0.9615384615384616,0.17354290705999909
Uti_DAFM_R,SVR_RBF,0.99,2.302839544442175,0.11023323692653492,0.9615384615384616,0.22046647385306983
Uti_DAFM_R,XGBoost,0.99,2.089147638937326,0.08738403767347336,0.9615384615384616,0.17476807534694672
