row,y_true,y_pred_oof,residual
0,2.59,2.6999370245360113,-0.1099370245360114
1,1.6,2.2159768839411487,-0.6159768839411486
2,1.12,1.5605567259835265,-0.44055672598352635
3,2.53,2.90091364103906,-0.3709136410390603
4,3.7,2.953112194494006,0.746887805505994
5,4.62,4.428778358857336,0.19122164114266393
6,0.75,1.5926396352037533,-0.8426396352037533
7,3.19,3.4439822042919426,-0.2539822042919426
8,3.16,2.9853550388726107,0.17464496112738948
9,1.7,3.7544144862245523,-2.0544144862245526
10,1.25,1.2396232534033502,0.010376746596649777
11,7.54,4.214826261640258,3.3251737383597417
12,4.0,3.3933724881067255,0.6066275118932745
13,3.32,4.850409502362176,-1.530409502362176
14,0.99,1.3148200360858322,-0.3248200360858322
15,1.3,2.4986731875039534,-1.1986731875039534
16,2.64,3.392624756762424,-0.7526247567624238
17,1.98,1.8572707224351033,0.12272927756489671
18,1.2,1.181915105854177,0.018084894145822927
19,5.0,3.1850380019466,1.8149619980534002
20,5.0,3.3965336117310434,1.6034663882689566
21,2.7,3.3893057233139934,-0.6893057233139932
22,0.9,1.8960081205149937,-0.9960081205149937
23,2.11,3.1859037947524618,-1.075903794752462
24,4.36,3.362763398971924,0.9972366010280762
25,1.97,1.9903089086091785,-0.020308908609178555
26,1.33,1.4922981651713076,-0.16229816517130757
27,5.0,3.146509081207665,1.853490918792335
28,3.0,2.1021781896216614,0.8978218103783386
29,2.25,2.52438916233438,-0.27438916233437993
30,0.97,1.882331421737621,-0.912331421737621
31,3.0,1.8955401160781502,1.1044598839218498
32,1.53,2.63386916665947,-1.10386916665947
33,2.0,4.547256698240323,-2.5472566982403233
34,1.65,1.6018509200079631,0.04814907999203677
35,3.0,3.475841768462901,-0.4758417684629008
36,4.0,3.300118695575831,0.699881304424169
37,4.0,3.309079024042882,0.690920975957118
38,0.77,1.2296180532158585,-0.45961805321585847
39,3.0,2.912568000333741,0.08743199966625914
40,1.51,1.858748935182729,-0.3487489351827291
41,2.0,1.451564842530816,0.5484351574691839
42,2.0,3.393424120516311,-1.3934241205163111
43,6.0,3.896697046245475,2.103302953754525
44,3.0,2.923991185303601,0.07600881469639909
45,1.41,1.4753208575407475,-0.06532085754074757
46,0.78,1.0001893858762747,-0.22018938587627468
47,3.0,2.5595184265263295,0.44048157347367045
48,2.0,2.94203099532587,-0.9420309953258701
49,2.0,4.350941260022683,-2.350941260022683
50,2.0,2.0011710824986655,-0.0011710824986654877
51,4.0,3.7390776822493903,0.2609223177506097
52,4.0,3.0814836066306244,0.9185163933693756
53,2.0,2.933655813775991,-0.9336558137759909
54,0.52,0.7402181513882322,-0.2202181513882322
55,1.95,2.3717224140790156,-0.4217224140790157
56,2.52,2.6627120214390425,-0.1427120214390425
57,1.4,1.8748949860892743,-0.4748949860892744
58,2.32,2.365592827528343,-0.04559282752834326
59,6.7,3.9351975764438007,2.7648024235561994
60,4.0,3.1312246864645474,0.8687753135354526
61,3.59,3.7824279757469497,-0.1924279757469498
62,1.71,2.404717986807124,-0.6947179868071238
63,1.97,1.7672644731887512,0.20273552681124873
64,2.3,2.39546510898749,-0.09546510898749005
65,2.27,2.4000226692078384,-0.13002266920783834
66,2.86,2.1493058751924696,0.7106941248075302
67,4.0,3.291838673893967,0.7081613261060329
68,1.69,2.4460024065345403,-0.7560024065345403
69,1.21,2.0718457381738413,-0.8618457381738414
70,1.42,1.3850819543526267,0.03491804564737322
71,18.0,3.488131349394505,14.511868650605495
72,1.6,3.0309039666799173,-1.4309039666799173
73,1.96,1.9196507160567717,0.04034928394322823
74,2.58,2.6639760354827406,-0.08397603548274057
75,3.2,4.017461350631667,-0.8174613506316666
76,0.72,1.4409458956707615,-0.7209458956707615
77,0.92,1.1914097867066171,-0.2714097867066171
78,1.3,1.1425005598365061,0.15749944016349393
79,5.0,4.444425842079062,0.5555741579209377
80,2.9,3.854420550894274,-0.954420550894274
81,2.0,2.065765188995393,-0.06576518899539296
82,2.3,2.7235594080223935,-0.42355940802239367
83,4.0,3.6198865360146515,0.3801134639853485
84,1.2,1.5448619061275946,-0.3448619061275946
85,0.96,1.9325236464532385,-0.9725236464532385
86,1.4,1.7160459427933825,-0.3160459427933826
87,51.0,4.048981362653304,46.95101863734669
88,2.2,3.1886662333181732,-0.988666233318173
89,1.1,1.8232253495890562,-0.7232253495890562
90,2.3,2.35867698191376,-0.05867698191376025
91,4.0,4.171450063636551,-0.17145006363655124
92,1.1,1.4381325958685705,-0.33813259586857036
93,1.5,2.9184183091930778,-1.4184183091930778
94,2.3,1.6680001516178384,0.6319998483821614
95,5.0,4.569603203045931,0.43039679695406896
96,1.9,2.5782225304406676,-0.6782225304406677
97,3.1,3.4631357981449025,-0.3631357981449024
98,2.5,2.386907779437534,0.11309222056246604
99,3.0,3.4763041604492724,-0.4763041604492724
100,1.5,1.3080151833129472,0.1919848166870528
101,1.0,1.3563959064247293,-0.3563959064247293
102,1.3,1.3581561166178016,-0.05815611661780151
103,9.0,7.342441140786839,1.657558859213161
104,1.48,1.612413774883865,-0.13241377488386497
105,1.8,2.647199281127488,-0.847199281127488
106,3.0,2.5608611578169986,0.43913884218300137
107,2.2,1.765695129030149,0.43430487096985115
108,0.49,1.2720590782517571,-0.7820590782517571
109,1.6,2.2971028248155827,-0.6971028248155826
110,3.1,3.0020880639508514,0.09791193604914872
111,23.0,6.195794133869444,16.804205866130555
112,2.0,3.102473068893093,-1.1024730688930928
113,2.0,2.046460287148201,-0.04646028714820094
114,1.7,1.6531016827761629,0.04689831722383708
115,2.7,3.0545488039529243,-0.3545488039529241
116,1.5,1.787837270848592,-0.2878372708485919
117,1.0,1.827609985692536,-0.8276099856925361
118,1.9,2.23632861199091,-0.3363286119909099
119,82.0,6.033822188996925,75.96617781100308
120,2.1,3.3681369862472583,-1.2681369862472582
121,2.2,2.571875257004745,-0.3718752570047448
122,3.2,3.1939340853677636,0.006065914632236602
123,2.3,3.872575165454993,-1.5725751654549933
124,0.94,0.8465782826465111,0.09342171735348881
125,1.3,1.657210537382757,-0.357210537382757
126,1.2,0.8922974650379407,0.30770253496205924
127,3.0,5.153778484850941,-2.1537784848509407
128,2.2,2.395507867730545,-0.19550786773054485
